what,kind,bundleId,bundleVersion,description,time
executed,command,org.eclipse.ui,3.7.0.v20110928-1505,"org.eclipse.ui.file.save",1361198419698
executed,command,org.eclipse.ui,3.7.0.v20110928-1505,"org.eclipse.ui.file.save",1361198445719
executed,command,org.eclipse.ui,3.7.0.v20110928-1505,"org.eclipse.ui.edit.copy",1361198447684
activated,editor,org.eclipse.wst.xml.ui,1.1.202.v201112071516,"org.eclipse.wst.xml.ui.internal.tabletree.XMLMultiPageEditorPart",1361198448279
executed,command,org.eclipse.ui,3.7.0.v20110928-1505,"org.eclipse.ui.edit.paste",1361198451395
executed,command,org.eclipse.ui,3.7.0.v20110928-1505,"org.eclipse.ui.file.save",1361198451927
deactivated,workbench,org.eclipse.ui.workbench,3.7.1.v20120104-1859,"",1361198454037
activated,workbench,org.eclipse.ui.workbench,3.7.1.v20120104-1859,"",1361198511940
deactivated,workbench,org.eclipse.ui.workbench,3.7.1.v20120104-1859,"",1361198512787
activated,workbench,org.eclipse.ui.workbench,3.7.1.v20120104-1859,"",1361198520528
deactivated,workbench,org.eclipse.ui.workbench,3.7.1.v20120104-1859,"",1361198521433
activated,workbench,org.eclipse.ui.workbench,3.7.1.v20120104-1859,"",1361198591884
executed,command,org.eclipse.ui,3.7.0.v20110928-1505,"org.eclipse.ui.file.save",1361198618770
activated,editor,org.eclipse.wst.xml.ui,1.1.202.v201112071516,"org.eclipse.wst.xml.ui.internal.tabletree.XMLMultiPageEditorPart",1361198621239
activated,editor,org.eclipse.wst.xml.ui,1.1.202.v201112071516,"org.eclipse.wst.xml.ui.internal.tabletree.XMLMultiPageEditorPart",1361198623483
activated,view,org.eclipse.ui.navigator.resources,3.4.300.v20110928-1505,"org.eclipse.ui.navigator.ProjectExplorer",1361198625621
started,bundle,org.eclipse.compare,3.5.202.R37x_v20111109-0800,"org.eclipse.compare",1361198627108
deactivated,workbench,org.eclipse.ui.workbench,3.7.1.v20120104-1859,"",1361198633130
activated,workbench,org.eclipse.ui.workbench,3.7.1.v20120104-1859,"",1361198633944
activated,view,org.eclipse.ui.ide,3.7.0.v20110928-1505,"org.eclipse.ui.views.AllMarkersView",1361198639999
deactivated,workbench,org.eclipse.ui.workbench,3.7.1.v20120104-1859,"",1361198643851
activated,workbench,org.eclipse.ui.workbench,3.7.1.v20120104-1859,"",1361198723363
activated,view,org.eclipse.ui.navigator.resources,3.4.300.v20110928-1505,"org.eclipse.ui.navigator.ProjectExplorer",1361198723369
started,bundle,org.eclipse.wst.server.core,1.1.304.v20120208_1420,"org.eclipse.wst.server.core",1361198723440
started,bundle,org.eclipse.wst.server.ui,1.3.0.v20120210_1439,"org.eclipse.wst.server.ui",1361198723464
deactivated,workbench,org.eclipse.ui.workbench,3.7.1.v20120104-1859,"",1361198724653
activated,workbench,org.eclipse.ui.workbench,3.7.1.v20120104-1859,"",1361198728675
deactivated,workbench,org.eclipse.ui.workbench,3.7.1.v20120104-1859,"",1361198729572
activated,workbench,org.eclipse.ui.workbench,3.7.1.v20120104-1859,"",1361210415837
deactivated,workbench,org.eclipse.ui.workbench,3.7.1.v20120104-1859,"",1361210808707
activated,workbench,org.eclipse.ui.workbench,3.7.1.v20120104-1859,"",1361210965433
deactivated,workbench,org.eclipse.ui.workbench,3.7.1.v20120104-1859,"",1361210968417
activated,workbench,org.eclipse.ui.workbench,3.7.1.v20120104-1859,"",1361210996836
activated,view,org.eclipse.ui.ide,3.7.0.v20110928-1505,"org.eclipse.ui.views.AllMarkersView",1361210998396
deactivated,workbench,org.eclipse.ui.workbench,3.7.1.v20120104-1859,"",1361211004246
activated,workbench,org.eclipse.ui.workbench,3.7.1.v20120104-1859,"",1361211023572
activated,view,org.eclipse.ui.navigator.resources,3.4.300.v20110928-1505,"org.eclipse.ui.navigator.ProjectExplorer",1361211023579
activated,editor,org.eclipse.wst.xml.ui,1.1.202.v201112071516,"org.eclipse.wst.xml.ui.internal.tabletree.XMLMultiPageEditorPart",1361211024889
deactivated,workbench,org.eclipse.ui.workbench,3.7.1.v20120104-1859,"",1361211028412
activated,workbench,org.eclipse.ui.workbench,3.7.1.v20120104-1859,"",1361211033478
executed,command,org.eclipse.ui,3.7.0.v20110928-1505,"org.eclipse.ui.file.save",1361211034737
activated,view,org.eclipse.ui.navigator.resources,3.4.300.v20110928-1505,"org.eclipse.ui.navigator.ProjectExplorer",1361211036230
activated,editor,org.eclipse.wst.xml.ui,1.1.202.v201112071516,"org.eclipse.wst.xml.ui.internal.tabletree.XMLMultiPageEditorPart",1361211056186
executed,command,org.eclipse.ui,3.7.0.v20110928-1505,"org.eclipse.ui.file.save",1361211058284
activated,view,org.eclipse.ui.navigator.resources,3.4.300.v20110928-1505,"org.eclipse.ui.navigator.ProjectExplorer",1361211062694
started,bundle,org.eclipse.wst.ws.service.policy.ui,1.0.300.v201108240515,"org.eclipse.wst.ws.service.policy.ui",1361211063039
started,bundle,org.eclipse.wst.ws.service.policy,1.0.303.v201009221810,"org.eclipse.wst.ws.service.policy",1361211063043
started,bundle,org.eclipse.wst.ws,1.1.203.v201004211805,"org.eclipse.wst.ws",1361211063075
deactivated,workbench,org.eclipse.ui.workbench,3.7.1.v20120104-1859,"",1361211065997
activated,workbench,org.eclipse.ui.workbench,3.7.1.v20120104-1859,"",1361211068368
deactivated,workbench,org.eclipse.ui.workbench,3.7.1.v20120104-1859,"",1361211069246
error,log,,,"ERROR [2013-02-18 13:11:13,131] (MetadataOperationsRetryAspect.java:metadataOperationsRetry:24) - ForceRemoteException occurred while attempting to perform a metadata operation\n",1361211073132
activated,workbench,org.eclipse.ui.workbench,3.7.1.v20120104-1859,"",1361211074804
deactivated,workbench,org.eclipse.ui.workbench,3.7.1.v20120104-1859,"",1361211080616
activated,workbench,org.eclipse.ui.workbench,3.7.1.v20120104-1859,"",1361211091403
activated,editor,org.eclipse.wst.xml.ui,1.1.202.v201112071516,"org.eclipse.wst.xml.ui.internal.tabletree.XMLMultiPageEditorPart",1361211092711
executed,command,org.eclipse.ui,3.7.0.v20110928-1505,"org.eclipse.ui.file.save",1361211095629
activated,view,org.eclipse.ui.navigator.resources,3.4.300.v20110928-1505,"org.eclipse.ui.navigator.ProjectExplorer",1361211097187
deactivated,workbench,org.eclipse.ui.workbench,3.7.1.v20120104-1859,"",1361211104178
activated,workbench,org.eclipse.ui.workbench,3.7.1.v20120104-1859,"",1361211104792
activated,editor,org.eclipse.wst.xml.ui,1.1.202.v201112071516,"org.eclipse.wst.xml.ui.internal.tabletree.XMLMultiPageEditorPart",1361211106519
executed,command,org.eclipse.ui,3.7.0.v20110928-1505,"org.eclipse.ui.edit.copy",1361211111998
activated,editor,org.eclipse.wst.xml.ui,1.1.202.v201112071516,"org.eclipse.wst.xml.ui.internal.tabletree.XMLMultiPageEditorPart",1361211112837
executed,command,org.eclipse.ui,3.7.0.v20110928-1505,"org.eclipse.ui.edit.paste",1361211115115
executed,command,org.eclipse.ui,3.7.0.v20110928-1505,"org.eclipse.ui.file.save",1361211118755
deactivated,workbench,org.eclipse.ui.workbench,3.7.1.v20120104-1859,"",1361211121030
activated,workbench,org.eclipse.ui.workbench,3.7.1.v20120104-1859,"",1361211369796
deactivated,workbench,org.eclipse.ui.workbench,3.7.1.v20120104-1859,"",1361211373169
activated,workbench,org.eclipse.ui.workbench,3.7.1.v20120104-1859,"",1361211460147
executed,command,org.eclipse.ui,3.7.0.v20110928-1505,"org.eclipse.ui.edit.selectAll",1361211461205
executed,command,org.eclipse.ui,3.7.0.v20110928-1505,"org.eclipse.ui.edit.copy",1361211461451
deactivated,workbench,org.eclipse.ui.workbench,3.7.1.v20120104-1859,"",1361211462456
activated,workbench,org.eclipse.ui.workbench,3.7.1.v20120104-1859,"",1361211476409
activated,editor,org.eclipse.wst.xml.ui,1.1.202.v201112071516,"org.eclipse.wst.xml.ui.internal.tabletree.XMLMultiPageEditorPart",1361211477552
executed,command,org.eclipse.ui,3.7.0.v20110928-1505,"org.eclipse.ui.edit.selectAll",1361211478474
executed,command,org.eclipse.ui,3.7.0.v20110928-1505,"org.eclipse.ui.edit.copy",1361211478762
deactivated,workbench,org.eclipse.ui.workbench,3.7.1.v20120104-1859,"",1361211479767
activated,workbench,org.eclipse.ui.workbench,3.7.1.v20120104-1859,"",1361211613658
activated,view,org.eclipse.ui.navigator.resources,3.4.300.v20110928-1505,"org.eclipse.ui.navigator.ProjectExplorer",1361211616404
activated,editor,org.eclipse.wst.xml.ui,1.1.202.v201112071516,"org.eclipse.wst.xml.ui.internal.tabletree.XMLMultiPageEditorPart",1361211647155
activated,view,org.eclipse.ui.ide,3.7.0.v20110928-1505,"org.eclipse.ui.views.AllMarkersView",1361211653878
deactivated,workbench,org.eclipse.ui.workbench,3.7.1.v20120104-1859,"",1361211682234
activated,workbench,org.eclipse.ui.workbench,3.7.1.v20120104-1859,"",1361211682292
activated,view,org.eclipse.ui.navigator.resources,3.4.300.v20110928-1505,"org.eclipse.ui.navigator.ProjectExplorer",1361211683845
deactivated,workbench,org.eclipse.ui.workbench,3.7.1.v20120104-1859,"",1361211689171
activated,workbench,org.eclipse.ui.workbench,3.7.1.v20120104-1859,"",1361211736250
activated,editor,org.eclipse.wst.xml.ui,1.1.202.v201112071516,"org.eclipse.wst.xml.ui.internal.tabletree.XMLMultiPageEditorPart",1361211737052
deactivated,workbench,org.eclipse.ui.workbench,3.7.1.v20120104-1859,"",1361211739176
activated,workbench,org.eclipse.ui.workbench,3.7.1.v20120104-1859,"",1361211739856
deactivated,workbench,org.eclipse.ui.workbench,3.7.1.v20120104-1859,"",1361211740650
activated,workbench,org.eclipse.ui.workbench,3.7.1.v20120104-1859,"",1361212193682
activated,view,org.eclipse.ui.navigator.resources,3.4.300.v20110928-1505,"org.eclipse.ui.navigator.ProjectExplorer",1361212195343
started,bundle,com.salesforce.ide.schemabrowser,26.0.0.201210261118,"com.salesforce.ide.schemabrowser",1361212201662
opened,editor,com.salesforce.ide.schemabrowser,26.0.0.201210261118,"com.salesforce.ide.schemabrowser.schemaBrowser",1361212206883
activated,editor,com.salesforce.ide.schemabrowser,26.0.0.201210261118,"com.salesforce.ide.schemabrowser.schemaBrowser",1361212206913
deactivated,workbench,org.eclipse.ui.workbench,3.7.1.v20120104-1859,"",1361212207602
activated,workbench,org.eclipse.ui.workbench,3.7.1.v20120104-1859,"",1361212216985
deactivated,workbench,org.eclipse.ui.workbench,3.7.1.v20120104-1859,"",1361212220599
activated,workbench,org.eclipse.ui.workbench,3.7.1.v20120104-1859,"",1361212220855
deactivated,workbench,org.eclipse.ui.workbench,3.7.1.v20120104-1859,"",1361212220944
activated,workbench,org.eclipse.ui.workbench,3.7.1.v20120104-1859,"",1361212221512
deactivated,workbench,org.eclipse.ui.workbench,3.7.1.v20120104-1859,"",1361212224951
error,log,,,"ERROR [2013-02-18 13:30:25,044] (SchemaBrowser.java:run:245) - com.salesforce.ide.core.remote.ForceConnectionException: entity type ActivityHistory does not support query\n",1361212225045
activated,workbench,org.eclipse.ui.workbench,3.7.1.v20120104-1859,"",1361212225076
error,log,,,"ERROR [2013-02-18 13:30:25,090] (SchemaBrowser.java:mouseUp:197) - Unable to open Schema Browser\n",1361212225096
deactivated,workbench,org.eclipse.ui.workbench,3.7.1.v20120104-1859,"",1361212225122
activated,workbench,org.eclipse.ui.workbench,3.7.1.v20120104-1859,"",1361212229433
deactivated,workbench,org.eclipse.ui.workbench,3.7.1.v20120104-1859,"",1361212279471
activated,workbench,org.eclipse.ui.workbench,3.7.1.v20120104-1859,"",1361212702846
deactivated,workbench,org.eclipse.ui.workbench,3.7.1.v20120104-1859,"",1361212705838
activated,workbench,org.eclipse.ui.workbench,3.7.1.v20120104-1859,"",1361212725369
activated,view,org.eclipse.ui.navigator.resources,3.4.300.v20110928-1505,"org.eclipse.ui.navigator.ProjectExplorer",1361212726534
deactivated,workbench,org.eclipse.ui.workbench,3.7.1.v20120104-1859,"",1361212729249
activated,workbench,org.eclipse.ui.workbench,3.7.1.v20120104-1859,"",1361212730181
activated,editor,com.salesforce.ide.schemabrowser,26.0.0.201210261118,"com.salesforce.ide.schemabrowser.schemaBrowser",1361212730187
deactivated,workbench,org.eclipse.ui.workbench,3.7.1.v20120104-1859,"",1361212731183
activated,workbench,org.eclipse.ui.workbench,3.7.1.v20120104-1859,"",1361212735408
deactivated,workbench,org.eclipse.ui.workbench,3.7.1.v20120104-1859,"",1361212742142
activated,workbench,org.eclipse.ui.workbench,3.7.1.v20120104-1859,"",1361215340328
deactivated,workbench,org.eclipse.ui.workbench,3.7.1.v20120104-1859,"",1361215340950
activated,workbench,org.eclipse.ui.workbench,3.7.1.v20120104-1859,"",1361215342333
activated,view,org.eclipse.ui.navigator.resources,3.4.300.v20110928-1505,"org.eclipse.ui.navigator.ProjectExplorer",1361219291061
activated,editor,com.salesforce.ide.schemabrowser,26.0.0.201210261118,"com.salesforce.ide.schemabrowser.schemaBrowser",1361219291196
activated,editor,org.eclipse.wst.xml.ui,1.1.202.v201112071516,"org.eclipse.wst.xml.ui.internal.tabletree.XMLMultiPageEditorPart",1361219293769
activated,editor,com.salesforce.ide.schemabrowser,26.0.0.201210261118,"com.salesforce.ide.schemabrowser.schemaBrowser",1361219297775
activated,view,org.eclipse.ui.navigator.resources,3.4.300.v20110928-1505,"org.eclipse.ui.navigator.ProjectExplorer",1361219299353
started,bundle,org.eclipse.equinox.p2.ui.sdk,1.0.200.v20110815-1419,"org.eclipse.equinox.p2.ui.sdk",1361219311785
started,bundle,org.eclipse.equinox.p2.ui,2.1.1.v20120113-1346,"org.eclipse.equinox.p2.ui",1361219311795
started,bundle,org.eclipse.equinox.p2.transport.ecf,1.0.0.v20111128-0624,"org.eclipse.equinox.p2.transport.ecf",1361219312983
started,bundle,org.eclipse.ecf.filetransfer,5.0.0.v20110531-2218,"org.eclipse.ecf.filetransfer",1361219312992
started,bundle,org.eclipse.ecf.identity,3.1.100.v20110531-2218,"org.eclipse.ecf.identity",1361219313015
started,bundle,org.eclipse.ecf,3.1.300.v20110531-2218,"org.eclipse.ecf",1361219313035
started,bundle,org.eclipse.ecf.provider.filetransfer.httpclient,4.0.0.v20110531-2218,"org.eclipse.ecf.provider.filetransfer.httpclient",1361219313055
started,bundle,org.eclipse.ecf.provider.filetransfer,3.2.0.v20110531-2218,"org.eclipse.ecf.provider.filetransfer",1361219313059
deactivated,workbench,org.eclipse.ui.workbench,3.7.1.v20120104-1859,"",1361219313240
executed,command,org.eclipse.ui,3.7.0.v20110928-1505,"org.eclipse.ui.edit.paste",1361219314189
activated,workbench,org.eclipse.ui.workbench,3.7.1.v20120104-1859,"",1361219317697
activated,editor,com.salesforce.ide.schemabrowser,26.0.0.201210261118,"com.salesforce.ide.schemabrowser.schemaBrowser",1361219317703
executed,command,org.eclipse.equinox.p2.ui.sdk,1.0.200.v20110815-1419,"org.eclipse.equinox.p2.ui.sdk.install",1361219317875
started,bundle,org.eclipse.epp.mpc.core,1.1.1.I20110907-0947,"org.eclipse.epp.mpc.core",1361219322091
deactivated,workbench,org.eclipse.ui.workbench,3.7.1.v20120104-1859,"",1361219322801
error,log,,,"Unexpected exception: HTTP Server 'Internal Error': http://marketplace.eclipse.org/sites/default/files/styles/medium/public/CuteResultsOK.png",1361219324706
executed,command,org.eclipse.ui,3.7.0.v20110928-1505,"org.eclipse.ui.edit.paste",1361219329523
error,log,,,"Unexpected exception: HTTP Server 'Internal Error': http://marketplace.eclipse.org/sites/default/files/styles/medium/public/webissuesquery.png",1361219333938
started,bundle,org.eclipse.equinox.p2.artifact.repository,1.1.101.v20110815-1419,"org.eclipse.equinox.p2.artifact.repository",1361219382649
started,bundle,org.eclipse.equinox.p2.director,2.1.1.v20111126-0211,"org.eclipse.equinox.p2.director",1361219383861
started,bundle,org.eclipse.equinox.p2.garbagecollector,1.0.200.v20110815-1419,"org.eclipse.equinox.p2.garbagecollector",1361219383887
started,bundle,org.eclipse.equinox.p2.touchpoint.eclipse,2.1.1.v20110815-1419,"org.eclipse.equinox.p2.touchpoint.eclipse",1361219400464
started,bundle,org.eclipse.equinox.frameworkadmin,2.0.0.v20110815-1438,"org.eclipse.equinox.frameworkadmin",1361219400469
started,bundle,org.eclipse.equinox.simpleconfigurator.manipulator,2.0.0.v20110815-1438,"org.eclipse.equinox.simpleconfigurator.manipulator",1361219400491
started,bundle,org.eclipse.equinox.p2.extensionlocation,1.2.100.v20110815-1419,"org.eclipse.equinox.p2.extensionlocation",1361219400584
started,bundle,org.eclipse.equinox.p2.publisher,1.2.0.v20110815-1419,"org.eclipse.equinox.p2.publisher",1361219400610
activated,workbench,org.eclipse.ui.workbench,3.7.1.v20120104-1859,"",1361219400707
executed,command,org.eclipse.epp.mpc.ui,1.1.1.I20110907-0947,"org.eclipse.epp.mpc.ui.command.showMarketplaceWizard",1361219400802
deactivated,workbench,org.eclipse.ui.workbench,3.7.1.v20120104-1859,"",1361219401190
started,bundle,org.eclipse.equinox.frameworkadmin.equinox,1.0.300.v20110815-1438,"org.eclipse.equinox.frameworkadmin.equinox",1361219415837
activated,workbench,org.eclipse.ui.workbench,3.7.1.v20120104-1859,"",1361219418759
deactivated,workbench,org.eclipse.ui.workbench,3.7.1.v20120104-1859,"",1361219422390
activated,workbench,org.eclipse.ui.workbench,3.7.1.v20120104-1859,"",1361219434281
closed,workbench,org.eclipse.ui.workbench,3.7.1.v20120104-1859,"",1361219434470
stopped,bundle,org.eclipse.jst.ws.axis.creation.ui,1.0.700.v201104070312,"org.eclipse.jst.ws.axis.creation.ui",1361219435050
stopped,bundle,org.eclipse.jst.ws.axis.consumption.ui,1.0.505.v201004211805,"org.eclipse.jst.ws.axis.consumption.ui",1361219435050
stopped,bundle,org.eclipse.jst.ws.axis.consumption.core,1.0.407.v201104071820,"org.eclipse.jst.ws.axis.consumption.core",1361219435050
stopped,bundle,org.eclipse.jst.ws.axis2.creation.ui,1.0.104.v201004211805,"org.eclipse.jst.ws.axis2.creation.ui",1361219435051
stopped,bundle,org.eclipse.jst.ws.axis2.consumption.ui,1.0.103.v201004211805,"org.eclipse.jst.ws.axis2.consumption.ui",1361219435051
stopped,bundle,org.eclipse.jst.ws.axis2.creation.core,1.0.106.v201004211805,"org.eclipse.jst.ws.axis2.creation.core",1361219435051
stopped,bundle,org.eclipse.jst.ws.axis2.consumption.core,1.0.105.v201004211805,"org.eclipse.jst.ws.axis2.consumption.core",1361219435052
stopped,bundle,org.eclipse.jst.ws.axis2.ui,1.0.303.v201003110431,"org.eclipse.jst.ws.axis2.ui",1361219435052
stopped,bundle,org.eclipse.jst.ws.axis2.core,1.0.204.v201004211805,"org.eclipse.jst.ws.axis2.core",1361219435052
stopped,bundle,org.eclipse.jst.ws.cxf.creation.ui,1.0.100.v201104022153,"org.eclipse.jst.ws.cxf.creation.ui",1361219435053
stopped,bundle,org.eclipse.jst.ws.creation.ui,1.0.609.v201103082016,"org.eclipse.jst.ws.creation.ui",1361219435053
stopped,bundle,org.eclipse.jst.ws.cxf.consumption.ui,1.0.0.v201003222311,"org.eclipse.jst.ws.cxf.consumption.ui",1361219435053
stopped,bundle,org.eclipse.jst.ws.consumption.ui,1.1.402.v201201250306,"org.eclipse.jst.ws.consumption.ui",1361219435054
stopped,bundle,org.eclipse.jst.ws.consumption,1.0.603.v201202012024,"org.eclipse.jst.ws.consumption",1361219435054
stopped,bundle,org.eclipse.jst.ws.cxf.consumption.core,1.0.0.v201003222311,"org.eclipse.jst.ws.cxf.consumption.core",1361219435055
stopped,bundle,org.eclipse.jst.ws.cxf.creation.core,1.0.100.v201104022153,"org.eclipse.jst.ws.cxf.creation.core",1361219435056
stopped,bundle,org.eclipse.jst.ws.cxf.ui,1.0.0.v201004171919,"org.eclipse.jst.ws.cxf.ui",1361219435056
stopped,bundle,org.eclipse.jst.ws.cxf.core,1.0.100.v201104022153,"org.eclipse.jst.ws.cxf.core",1361219435056
stopped,bundle,org.eclipse.jst.ws.uddiregistry,1.0.500.v201004211805,"org.eclipse.jst.ws.uddiregistry",1361219435056
stopped,bundle,org.eclipse.jst.ws.ui,1.0.403.v201004211805,"org.eclipse.jst.ws.ui",1361219435057
stopped,bundle,org.eclipse.jst.ws,1.0.509.v201108250610,"org.eclipse.jst.ws",1361219435057
stopped,bundle,org.eclipse.wst.ws.explorer,1.0.607.v201103082002,"org.eclipse.wst.ws.explorer",1361219435057
stopped,bundle,org.eclipse.wst.wsdl.ui,1.2.403.v201108240515,"org.eclipse.wst.wsdl.ui",1361219435057
stopped,bundle,org.eclipse.wst.ws.ui,1.1.200.v201004211805,"org.eclipse.wst.ws.ui",1361219435057
stopped,bundle,org.eclipse.wst.wsi.ui,1.0.502.v201104071820,"org.eclipse.wst.wsi.ui",1361219435057
stopped,bundle,org.eclipse.wst.wsi,1.0.401.v201104071820,"org.eclipse.wst.wsi",1361219435057
stopped,bundle,org.eclipse.wst.ws,1.1.203.v201004211805,"org.eclipse.wst.ws",1361219435059
stopped,bundle,org.eclipse.jst.j2ee.webservice.ui,1.1.500.v201105122000,"org.eclipse.jst.j2ee.webservice.ui",1361219435059
stopped,bundle,org.eclipse.jst.j2ee.webservice,1.1.400.v201004110600,"org.eclipse.jst.j2ee.webservice",1361219435059
stopped,bundle,org.eclipse.wst.ws.parser,1.0.403.v201004211805,"org.eclipse.wst.ws.parser",1361219435059
stopped,bundle,org.eclipse.jpt.dbws.eclipselink.ui,1.0.0.v201104110000,"org.eclipse.jpt.dbws.eclipselink.ui",1361219435060
stopped,bundle,org.eclipse.jst.ws.jaxws.ui,1.0.100.v201104032053,"org.eclipse.jst.ws.jaxws.ui",1361219435060
stopped,bundle,org.eclipse.jst.ws.jaxws.core,1.0.100.v201104031139,"org.eclipse.jst.ws.jaxws.core",1361219435060
stopped,bundle,org.eclipse.mylyn.bugzilla.ui,3.6.0.v20110608-1400,"org.eclipse.mylyn.bugzilla.ui",1361219435061
stopped,bundle,org.eclipse.mylyn.bugzilla.core,3.6.5.v20120123-0100,"org.eclipse.mylyn.bugzilla.core",1361219435061
stopped,bundle,org.eclipse.mylyn.commons.xmlrpc,3.6.0.v20110608-1400,"org.eclipse.mylyn.commons.xmlrpc",1361219435061
stopped,bundle,org.eclipse.datatools.enablement.oda.ws.ui,1.2.3.v201112061438,"org.eclipse.datatools.enablement.oda.ws.ui",1361219435062
stopped,bundle,org.eclipse.datatools.enablement.oda.ws,1.2.3.v201112061438,"org.eclipse.datatools.enablement.oda.ws",1361219435062
stopped,bundle,org.eclipse.wst.wsdl,1.2.202.v201108230355,"org.eclipse.wst.wsdl",1361219435062
stopped,bundle,org.eclipse.wst.wsdl.validation,1.1.502.v201104071820,"org.eclipse.wst.wsdl.validation",1361219435062
stopped,bundle,org.eclipse.wst.xsl.exslt.ui,1.0.0.v201006012005,"org.eclipse.wst.xsl.exslt.ui",1361219435063
stopped,bundle,org.eclipse.wst.xsl.jaxp.debug.ui,1.0.200.v201103081922,"org.eclipse.wst.xsl.jaxp.debug.ui",1361219435063
stopped,bundle,org.eclipse.wst.xsl.ui,1.1.200.v201103082057,"org.eclipse.wst.xsl.ui",1361219435063
stopped,bundle,org.eclipse.wst.xml.xpath.ui,1.1.100.v201105030025,"org.eclipse.wst.xml.xpath.ui",1361219435063
stopped,bundle,org.eclipse.wst.xsl.debug.ui,1.0.200.v201101281837,"org.eclipse.wst.xsl.debug.ui",1361219435064
stopped,bundle,org.eclipse.wst.xsl.jaxp.launching,1.0.200.v201103081922,"org.eclipse.wst.xsl.jaxp.launching",1361219435064
stopped,bundle,org.eclipse.wst.xsl.launching,1.0.200.v201103081922,"org.eclipse.wst.xsl.launching",1361219435064
stopped,bundle,org.eclipse.wst.xsl.core,1.1.100.v201102270516,"org.eclipse.wst.xsl.core",1361219435064
stopped,bundle,org.eclipse.wst.xml.xpath.core,1.2.1.v201109010357,"org.eclipse.wst.xml.xpath.core",1361219435065
stopped,bundle,org.eclipse.datatools.enablement.oda.xml.ui,1.2.3.v201112071047,"org.eclipse.datatools.enablement.oda.xml.ui",1361219435065
stopped,bundle,org.eclipse.datatools.enablement.oda.xml,1.2.3.v201112061438,"org.eclipse.datatools.enablement.oda.xml",1361219435065
stopped,bundle,org.eclipse.jst.jsf.apache.trinidad.tagsupport,1.1.200.v201104061711,"org.eclipse.jst.jsf.apache.trinidad.tagsupport",1361219435065
stopped,bundle,org.eclipse.jst.jsf.facelet.ui,1.0.1.v201104032306,"org.eclipse.jst.jsf.facelet.ui",1361219435066
stopped,bundle,org.eclipse.jst.jsf.facelet.core,1.0.100.v201104191527,"org.eclipse.jst.jsf.facelet.core",1361219435066
stopped,bundle,org.eclipse.jst.jsf.facesconfig.ui,1.2.2.v201103292152,"org.eclipse.jst.jsf.facesconfig.ui",1361219435066
stopped,bundle,org.eclipse.jst.jsf.ui,1.3.2.v201104251204,"org.eclipse.jst.jsf.ui",1361219435066
stopped,bundle,org.eclipse.jst.pagedesigner.jsf.ui,1.2.100.v201104061711,"org.eclipse.jst.pagedesigner.jsf.ui",1361219435067
stopped,bundle,org.eclipse.jst.pagedesigner,1.3.104.v201201181342,"org.eclipse.jst.pagedesigner",1361219435067
stopped,bundle,org.eclipse.jst.jsf.core,1.3.105.v201108261005,"org.eclipse.jst.jsf.core",1361219435067
stopped,bundle,org.eclipse.jst.jsf.common.ui,1.2.100.v201104061711,"org.eclipse.jst.jsf.common.ui",1361219435067
stopped,bundle,org.eclipse.jst.jsf.standard.tagsupport,1.2.100.v201104061711,"org.eclipse.jst.jsf.standard.tagsupport",1361219435068
stopped,bundle,org.eclipse.jst.pagedesigner.jsp.core,1.2.0.v20100308,"org.eclipse.jst.pagedesigner.jsp.core",1361219435068
stopped,bundle,org.eclipse.jst.jsf.common,1.2.3.v201104061039,"org.eclipse.jst.jsf.common",1361219435068
stopped,bundle,org.eclipse.wst.jsdt.web.support.jsp,1.0.400.v201102241833,"org.eclipse.wst.jsdt.web.support.jsp",1361219435068
stopped,bundle,org.eclipse.jst.jsp.ui,1.1.602.v201112071516,"org.eclipse.jst.jsp.ui",1361219435069
stopped,bundle,org.eclipse.jst.jsp.core,1.2.402.v201112071853,"org.eclipse.jst.jsp.core",1361219435071
stopped,bundle,org.eclipse.wst.jsdt.web.ui,1.0.401.v201108152113,"org.eclipse.wst.jsdt.web.ui",1361219435071
stopped,bundle,org.eclipse.jpt.jaxb.eclipselink.ui,1.1.0.v201105110000,"org.eclipse.jpt.jaxb.eclipselink.ui",1361219435072
stopped,bundle,org.eclipse.jpt.jaxb.ui,1.1.2.v201201260000,"org.eclipse.jpt.jaxb.ui",1361219435072
stopped,bundle,org.eclipse.jpt.jpa.eclipselink.ui,2.0.1.v201108080010,"org.eclipse.jpt.jpa.eclipselink.ui",1361219435072
stopped,bundle,org.eclipse.jpt.jpa.ui,3.0.2.v201201243020,"org.eclipse.jpt.jpa.ui",1361219435086
stopped,bundle,org.eclipse.jst.j2ee.ejb.annotations.ui,1.1.200.v201004290730,"org.eclipse.jst.j2ee.ejb.annotations.ui",1361219435087
stopped,bundle,org.eclipse.jst.ejb.ui,1.1.601.v201201261600,"org.eclipse.jst.ejb.ui",1361219435087
stopped,bundle,org.eclipse.jst.servlet.ui,1.1.502.v201202011054,"org.eclipse.jst.servlet.ui",1361219435087
stopped,bundle,org.eclipse.jst.ws.jaxws.dom.integration,1.0.101.v201201031437,"org.eclipse.jst.ws.jaxws.dom.integration",1361219435087
stopped,bundle,org.eclipse.jst.jee.ui,1.0.401.v201202011107,"org.eclipse.jst.jee.ui",1361219435087
stopped,bundle,org.eclipse.jst.j2ee.navigator.ui,1.1.501.v201107261503,"org.eclipse.jst.j2ee.navigator.ui",1361219435087
stopped,bundle,org.eclipse.jst.j2ee.jca.ui,1.1.400.v201004150700,"org.eclipse.jst.j2ee.jca.ui",1361219435087
stopped,bundle,org.eclipse.jst.j2ee.ui,1.1.503.v201201190400,"org.eclipse.jst.j2ee.ui",1361219435087
stopped,bundle,org.eclipse.wst.web.ui,1.1.500.v201111030500,"org.eclipse.wst.web.ui",1361219435087
stopped,bundle,com.salesforce.ide.ui.editors,26.0.0.201210261118,"com.salesforce.ide.ui.editors",1361219435088
stopped,bundle,com.salesforce.ide.upgrade,26.0.0.201210261118,"com.salesforce.ide.upgrade",1361219435088
stopped,bundle,org.eclipse.wst.html.ui,1.0.602.v201202091936,"org.eclipse.wst.html.ui",1361219435088
stopped,bundle,org.eclipse.wst.css.ui,1.0.601.v201201101544,"org.eclipse.wst.css.ui",1361219435088
stopped,bundle,org.eclipse.wst.jsdt.web.core,1.0.401.v201108152113,"org.eclipse.wst.jsdt.web.core",1361219435088
stopped,bundle,org.eclipse.wst.html.core,1.1.502.v201202091936,"org.eclipse.wst.html.core",1361219435088
stopped,bundle,org.eclipse.wst.css.core,1.1.501.v201111292150,"org.eclipse.wst.css.core",1361219435088
stopped,bundle,org.eclipse.jpt.jaxb.eclipselink.core,1.0.0.v201105180000,"org.eclipse.jpt.jaxb.eclipselink.core",1361219435088
stopped,bundle,org.eclipse.jpt.jpa.eclipselink.core,2.0.2.v201111103010,"org.eclipse.jpt.jpa.eclipselink.core",1361219435088
stopped,bundle,org.eclipse.jpt.common.eclipselink.core,1.0.1.v201108080010,"org.eclipse.jpt.common.eclipselink.core",1361219435089
